{
	"movie": [
	{
		"movieId": "mv1",
		"movieTitle": "A Star Is Born",
		"moviePoster": "poster_a_start_is_born",
		"movieYear": "2018",
		"movieDesc": "Seasoned musician Jackson Maine discovers and falls in love with struggling artist Ally. She has just about given up on her dream to make it big as a singer until Jack coaxes her into the spotlight. But even as Ally's career takes off, the personal side of their relationship is breaking down, as Jack fights an ongoing battle with his own internal demons."
	},
	{
		"movieId": "mv2",
		"movieTitle": "Alita: Battle Angel",
		"moviePoster": "poster_alita",
		"movieYear": "2019",
		"movieDesc": "When Alita awakens with no memory of who she is in a future world she does not recognize, she is taken in by Ido, a compassionate doctor who realizes that somewhere in this abandoned cyborg shell is the heart and soul of a young woman with an extraordinary past."
	},
	{
		"movieId": "mv3",
		"movieTitle": "Aquaman",
		"moviePoster": "poster_aquaman",
		"movieYear": "2018",
		"movieDesc": "Once home to the most advanced civilization on Earth, Atlantis is now an underwater kingdom ruled by the power-hungry King Orm. With a vast army at his disposal, Orm plans to conquer the remaining oceanic people and then the surface world. Standing in his way is Arthur Curry, Orm's half-human, half-Atlantean brother and true heir to the throne."
	},
	{
		"movieId": "mv4",
		"movieTitle": "Bohemian Rhapsody",
		"moviePoster": "poster_bohemian",
		"movieYear": "2018",
		"movieDesc": "Singer Freddie Mercury, guitarist Brian May, drummer Roger Taylor and bass guitarist John Deacon take the music world by storm when they form the rock 'n' roll band Queen in 1970. Hit songs become instant classics. When Mercury's increasingly wild lifestyle starts to spiral out of control, Queen soon faces its greatest challenge yet – finding a way to keep the band together amid the success and excess."
	},
	{
		"movieId": "mv5",
		"movieTitle": "Creed II",
		"moviePoster": "poster_creed",
		"movieYear": "2018",
		"movieDesc": "Between personal obligations and training for his next big fight against an opponent with ties to his family's past, Adonis Creed is up against the challenge of his life."
	},
	{
		"movieId": "mv6",
		"movieTitle": "Glass",
		"moviePoster": "poster_glass",
		"movieYear": "2018",
		"movieDesc": "In a series of escalating encounters, former security guard David Dunn uses his supernatural abilities to track Kevin Wendell Crumb, a disturbed man who has twenty-four personalities. Meanwhile, the shadowy presence of Elijah Price emerges as an orchestrator who holds secrets critical to both men."
	},
	{
		"movieId": "mv7",
		"movieTitle": "How to Train Your Dragon: The Hidden World",
		"moviePoster": "poster_how_to_train",
		"movieYear": "2019",
		"movieDesc": "As Hiccup fulfills his dream of creating a peaceful dragon utopia, Toothless’ discovery of an untamed, elusive mate draws the Night Fury away. When danger mounts at home and Hiccup’s reign as village chief is tested, both dragon and rider must make impossible decisions to save their kind."
	},
	{
		"movieId": "mv8",
		"movieTitle": "Avengers: Infinity War",
		"moviePoster": "poster_infinity_war",
		"movieYear": "2018",
		"movieDesc": "As the Avengers and their allies have continued to protect the world from threats too large for any one hero to handle, a new danger has emerged from the cosmic shadows: Thanos. A despot of intergalactic infamy, his goal is to collect all six Infinity Stones, artifacts of unimaginable power, and use them to inflict his twisted will on all of reality. Everything the Avengers have fought for has led up to this moment - the fate of Earth and existence itself has never been more uncertain."
	},
	{
		"movieId": "mv9",
		"movieTitle": "Mortal Engines",
		"moviePoster": "poster_mortal_engines",
		"movieYear": "2018",
		"movieDesc": "Many thousands of years in the future, Earth’s cities roam the globe on huge wheels, devouring each other in a struggle for ever diminishing resources. On one of these massive traction cities, the old London, Tom Natsworthy has an unexpected encounter with a mysterious young woman from the wastelands who will change the course of his life forever."
	},
	{
		"movieId": "mv10",
		"movieTitle": "Ralph Breaks the Internet",
		"moviePoster": "poster_ralph",
		"movieYear": "2018",
		"movieDesc": "Video game bad guy Ralph and fellow misfit Vanellope von Schweetz must risk it all by traveling to the World Wide Web in search of a replacement part to save Vanellope's video game, \"Sugar Rush.\" In way over their heads, Ralph and Vanellope rely on the citizens of the internet the netizens to help navigate their way, including an entrepreneur named Yesss, who is the head algorithm and the heart and soul of trend-making site BuzzzTube."
	}
  ]
}
 