{
	"tvShow": [
	{
		"tvShowId": "tv1",
		"tvShowTitle": "Arrow",
		"tvShowPoster": "poster_arrow",
		"tvShowYear": "2012",
		"tvShowDesc": "Spoiled billionaire playboy Oliver Queen is missing and presumed dead when his yacht is lost at sea. He returns five years later a changed man, determined to clean up the city as a hooded vigilante armed with a bow."
	},
	{
		"tvShowId": "tv2",
		"tvShowTitle": "Doom Patrol",
		"tvShowPoster": "poster_doom_patrol",
		"tvShowYear": "2019",
		"tvShowDesc": "The Doom Patrol’s members each suffered horrible accidents that gave them superhuman abilities — but also left them scarred and disfigured. Traumatized and downtrodden, the team found purpose through The Chief, who brought them together to investigate the weirdest phenomena in existence — and to protect Earth from what they find."
	},
	{
		"tvShowId": "tv3",
		"tvShowTitle": "Family Guy",
		"tvShowPoster": "poster_family_guy",
		"tvShowYear": "1999",
		"tvShowDesc": "Sick, twisted, politically incorrect and Freakin' Sweet animated series featuring the adventures of the dysfunctional Griffin family. Bumbling Peter and long-suffering Lois have three kids. Stewie (a brilliant but sadistic baby bent on killing his mother and taking over the world), Meg (the oldest, and is the most unpopular girl in town) and Chris (the middle kid, he's not very bright but has a passion for movies). The final member of the family is Brian - a talking dog and much more than a pet, he keeps Stewie in check whilst sipping Martinis and sorting through his own life issues."
	},
	{
		"tvShowId": "tv4",
		"tvShowTitle": "The Flash",
		"tvShowPoster": "poster_flash",
		"tvShowYear": "2014",
		"tvShowDesc": "After a particle accelerator causes a freak storm, CSI Investigator Barry Allen is struck by lightning and falls into a coma. Months later he awakens with the power of super speed, granting him the ability to move through Central City like an unseen guardian angel. Though initially excited by his newfound powers, Barry is shocked to discover he is not the only \"meta-human\" who was created in the wake of the accelerator explosion, and not everyone is using their new powers for good. Barry partners with S.T.A.R. Labs and dedicates his life to protect the innocent. For now, only a few close friends and associates know that Barry is literally the fastest man alive, but it won't be long before the world learns what Barry Allen has become...The Flash."
	},
	{
		"tvShowId": "tv5",
		"tvShowTitle": "Gotham",
		"tvShowPoster": "poster_gotham",
		"tvShowYear": "2014",
		"tvShowDesc": "Everyone knows the name Commissioner Gordon. He is one of the crime world's greatest foes, a man whose reputation is synonymous with law and order. But what is known of Gordon's story and his rise from rookie detective to Police Commissioner? What did it take to navigate the multiple layers of corruption that secretly ruled Gotham City, the spawning ground of the world's most iconic villains? And what circumstances created them, the larger-than-life personas who would become Catwoman, The Penguin, The Riddler, Two-Face and The Joker?"
	},
	{
		"tvShowId": "tv6",
		"tvShowTitle": "Marvel's Iron Fist",
		"tvShowPoster": "poster_iron_fist",
		"tvShowYear": "2017",
		"tvShowDesc": "Danny Rand resurfaces 15 years after being presumed dead. Now, with the power of the Iron Fist, he seeks to reclaim his past and fulfill his destiny."
	},
	{
		"tvShowId": "tv7",
		"tvShowTitle": "Supergirl",
		"tvShowPoster": "poster_supergirl",
		"tvShowYear": "2015",
		"tvShowDesc": "Twenty-four-year-old Kara Zor-El, who was taken in by the Danvers family when she was 13 after being sent away from Krypton, must learn to embrace her powers after previously hiding them. The Danvers teach her to be careful with her powers, until she has to reveal them during an unexpected disaster, setting her on her journey of heroism."
	},
	{
		"tvShowId": "tv8",
		"tvShowTitle": "Supernatural",
		"tvShowPoster": "poster_supernatural",
		"tvShowYear": "2005",
		"tvShowDesc": "When they were boys, Sam and Dean Winchester lost their mother to a mysterious and demonic supernatural force. Subsequently, their father raised them to be soldiers. He taught them about the paranormal evil that lives in the dark corners and on the back roads of America ... and he taught them how to kill it. Now, the Winchester brothers crisscross the country in their '67 Chevy Impala, battling every kind of supernatural threat they encounter along the way."
	},
	{
		"tvShowId": "tv9",
		"tvShowTitle": "The Simpson",
		"tvShowPoster": "poster_the_simpson",
		"tvShowYear": "1989",
		"tvShowDesc": "Set in Springfield, the average American town, the show focuses on the antics and everyday adventures of the Simpson family; Homer, Marge, Bart, Lisa and Maggie, as well as a virtual cast of thousands. Since the beginning, the series has been a pop culture icon, attracting hundreds of celebrities to guest star. The show has also made name for itself in its fearless satirical take on politics, media and American life in general."
	},
	{
		"tvShowId": "tv10",
		"tvShowTitle": "The Walking Dead",
		"tvShowPoster": "poster_the_walking_dead",
		"tvShowYear": "2010",
		"tvShowDesc": "Sheriff's deputy Rick Grimes awakens from a coma to find a post-apocalyptic world dominated by flesh-eating zombies. He sets out to find his family and encounters many other survivors along the way."
	}
  ]
}
 